{
  "persons": [
    {
      "id": "d1e9",
      "name": "pedro",
      "number": "12312"
    },
    {
      "id": "abd2",
      "name": "JUAN",
      "number": "2131"
    },
    {
      "id": "bbfe",
      "name": "juan",
      "number": "2121"
    },
    {
      "id": "c576",
      "name": "eeqweqw",
      "number": "333131"
    },
    {
      "id": "0558",
      "name": "johan",
      "number": "31231"
    },
    {
      "id": "9490",
      "name": "damian",
      "number": "123123"
    },
    {
      "id": "1b77",
      "name": "julian",
      "number": "123"
    },
    {
      "id": "110d",
      "name": "Prueba",
      "number": "123"
    }
  ]
}